"Apple iPhone XR (Black, 64 GB) (Includes EarPods, Power...","36999","83,758"
"VAlight Edge To Edge Tempered Glass for Apple iPhone 6,...","189","18"
"CEDO XPRO Edge To Edge Tempered Glass for Apple iphone ...","199","89"
"Power Up 10000 mAh Power Bank","999","7"
"APPLE iPhone SE (Black, 64 GB)","30999","1,00,938"
"APPLE iPhone SE (Black, 64 GB)","30999","1,00,938"
"APPLE iPhone SE (Black, 64 GB)","30999","1,00,938"
"APPLE iPhone SE (White, 128 GB)","33999","1,00,938"
"APPLE iPhone SE (White, 128 GB)","33999","1,00,938"
"APPLE iPhone SE (White, 128 GB)","33999","1,00,938"
"Apple iPhone XR (Black, 64 GB) (Includes EarPods, Power...","36999","83,758"
"Apple iPhone XR (Black, 64 GB) (Includes EarPods, Power...","36999","83,758"
"Apple iPhone XR (Black, 64 GB) (Includes EarPods, Power...","36999","83,758"
